Cluster,X,Y,Frequency,Group,N,LOW,HIGH,LOOP,ORIGINAL_TLV,tlv,count,a_bike,a_casual,a_dance,a_golf,a_hiking,a_on_the_move,a_onthemove,a_running,a_studio,a_swim,a_tennis,a_trail_running,a_training,a_travel,a_yoga,c_5_year_basic,c_abc,c_align,c_all_yours,c_allyours,c_always_in_motion,c_alwaysinmotion,c_at_ease,c_atease,c_base_pace,c_basepace,c_blissfeel,c_bowline,c_built_to_move,c_chargefeel,c_city_sweat,c_citysweat,c_cityverse,c_commission,c_cool_racerback,c_dance_studio,c_dancestudio,c_define,c_drysense,c_ebb_to_street,c_ebbtostreet,c_energy,c_engineered_warmth,c_enlite,c_everywhere,c_fast&free,c_fast_&_free,c_free_to_be,c_fundamental,c_groove,c_hold_tight,c_hotty_hot,c_hottyhot,c_instill,c_invigorate,c_license_to_train,c_licensetotrain,c_like_a_cloud,c_likeacloud,c_loungeful,c_love,c_lululemon_lab,c_metal_vent_tech,c_metalventtech,c_pace_breaker,c_perfectly_oversized,c_perfectlyoversized,c_power_pivot,c_power_thru,c_ready_to_rulu,c_restfeel,c_scuba,c_sculpt,c_soft_jersey,c_speed_up,c_speedup,c_steady_state,c_strongfeel,c_surge,c_swift_speed,c_swiftly,c_swiftspeed,c_t.h.e.,c_wunder_puff,c_wunder_train,c_wunder_under,c_wundermost,c_wundertrain,c_wunderunder,c_zeroed_in,cat_accessories,cat_all_bras,cat_allbras,cat_bags,cat_bestsellers,cat_bodysuits,cat_bouteilles_d^eau,cat_button_down_shirts,cat_camisoles,cat_can,cat_capris,cat_chaussettes,cat_coats&jackets,cat_coats_&_jackets,cat_commerceroot,cat_dresses,cat_early_access,cat_equipment,cat_femmes,cat_gift_ideas,cat_giftideas,cat_gloves_&_mittens,cat_hair_accessories,cat_hats,cat_hauts,cat_hauts_à_capuchon_et_chandails,cat_hommes,cat_hoodies&sweatshirts,cat_hoodies_&_sweatshirts,cat_joggers,cat_jumpsuits_&_rompers,cat_jupes,cat_lab_shop,cat_leggings,cat_long_sleeve_shirts,cat_loungewear,cat_manches_courtes,cat_manteaux,cat_manteaux_+_vestes,cat_matching_sets,cat_nos_succès,cat_nouveautés,cat_pantalons,cat_pantalons_d^entraînement,cat_pantalons_de_jogging,cat_pants,cat_polo_shirts,cat_sacs,cat_scarves_&_wraps,cat_shirts,cat_shoes,cat_shop_outfits,cat_short_sleeve_shirts,cat_shorts,cat_shortsleeveshirts,cat_skirts,cat_socks,cat_sous-vêtements,cat_soutiens-gorge_sport,cat_special_edition,cat_sports_bras,cat_sweaters,cat_sweatpants,cat_swim_trunks,cat_swimsuits,cat_t-shirts,cat_tank_tops,cat_tanktops,cat_team_canada_,cat_tights,cat_tricots,cat_trousers,cat_underwear,cat_usa,cat_vêtements_de_détente,cat_water_bottles,cat_we_made_too_much,cat_wemadetoomuch,cat_what^s_new,cat_what^snew,cat_women^s_0-14,cat_yoga_mats,cat_yogaaccessories,clr_black,clr_black_&_white,clr_black_&_white_,clr_blanc,clr_blue,clr_brown,clr_burgundy,clr_camo,clr_gold,clr_green,clr_grey,clr_khaki,clr_metallic,clr_navy,clr_neon,clr_neutral,clr_noir,clr_olive,clr_orange,clr_pastel,clr_pink,clr_printed,clr_purple,clr_red,clr_rose,clr_striped,clr_tie_dye,clr_white,clr_yellow,g_all,g_men,g_women,gift_all
0,0.002498,0,1685,1,1865,1,1000,1,,0.002498,0.012382,0.00095,0.001286,0.000692,0.002038,0.002059,0.009019,0.002572,0.006701,0.0,0.001231,0.002529,0.000125,0.006294,0.000593,0.005051,0.000695,0.004476,0.006313,0.001397,0.0,0.001614,0.000593,0.000645,0.0,0.002137,0.0,0.000642,0.001441,0.000314,0.000812,0.001725,0.0,0.0,0.002464,0.000297,0.001476,0.0,0.001992,0.002237,0.00131,0.000593,0.002701,0.000476,0.0005,0.007904,0.000593,0.001707,0.002093,0.002239,0.001636,0.0,0.003028,0.000593,0.001978,0.00184,0.002419,0.000593,0.001444,0.000593,0.000324,0.001827,0.001679,0.00256,0.00089,0.003399,0.00186,0.0,0.000306,0.000568,0.001403,0.003693,0.001441,0.000897,0.000816,0.002954,0.0,0.000778,0.000495,0.00308,0.000775,0.002066,0.000593,0.000407,0.000596,0.005935,0.001815,0.001086,0.0,0.0,0.000216,0.006987,0.002042,0.0,0.007542,0.009166,0.001571,0.0,0.001418,0.000678,0.001113,0.000987,0.0,0.0,0.001595,0.0,0.001258,0.001105,0.000212,0.00089,0.007122,0.0,0.000437,0.000955,0.002249,0.000396,0.000297,0.000593,0.001306,0.002628,0.00311,0.000119,0.0,0.000237,0.00771,0.002706,0.00234,0.0,0.0,0.0,0.001177,0.0,0.0,0.001187,0.0,0.0,0.005176,0.002077,0.0,0.000198,0.003395,0.000734,0.00176,0.001006,0.008877,0.0,0.002979,0.001151,0.000593,0.000254,0.000396,0.003903,0.00091,0.000955,0.001349,0.000824,0.002536,0.003375,0.0,0.0,0.000534,0.000593,0.003071,0.002522,0.0,0.000593,0.000208,0.003972,0.000989,0.001184,0.000297,0.000119,0.001531,0.000593,0.005724,0.000813,0.0,0.000593,0.005391,0.002396,0.002286,0.001335,0.001068,0.005592,0.005408,0.000982,0.000277,0.001632,0.003478,0.002616,0.000593,0.002528,0.001841,0.004082,0.005115,0.001394,0.002396,0.002827,0.000132,0.000593,0.000459,0.003149,0.001374,0.004924,0.007078,0.009244,5e-05
1,0.002006,0,1,1,1865,1,1000,1,,0.002006,0.597789,0.0,0.0,0.0,0.056604,0.484375,0.517084,0.0,0.264019,0.0,0.0,0.0,0.052632,0.336283,0.0,0.047081,0.0,0.0,0.191489,0.0,0.0,0.0,0.0,0.0,0.0,0.0,0.0,0.144144,0.0,0.0,0.34188,0.0,0.0,0.0,0.0,0.0,0.0,0.0,0.006369,0.0,0.0,0.0,0.22449,0.0,0.070175,0.0,0.0,0.08,0.0,0.0,1.0,0.0,0.040541,0.0,0.0,0.0,0.212121,0.0,1.0,0.0,0.909091,0.105263,0.028571,0.0,0.0,0.0,0.0,0.0,0.0,0.0,0.0,0.0,0.122153,0.05036,0.0,0.0,0.0,0.0,0.0,0.0,0.0,0.050167,0.0,0.0,0.1,0.160714,0.0,0.113208,0.0,0.0,0.0,0.084821,0.147059,0.0,0.261538,0.24,0.0,0.0,0.0,0.0,0.0,0.017241,0.0,0.0,0.348189,0.0,0.0,0.482759,0.0,0.0,0.705882,0.0,0.0,0.0,0.0,0.0,0.0,0.0,0.0,0.325714,0.009615,0.0,0.0,0.0,0.416667,0.18,0.057143,0.0,0.0,0.0,0.168,0.0,0.0,0.0,0.0,0.0,0.059603,0.0,0.0,0.0,0.288557,0.032051,0.0,0.0,0.0,0.0,0.0,0.26,0.0,0.0,0.0,0.307692,0.4,0.0,0.0,0.0,0.181818,0.0,0.0,0.0,0.0,0.0,0.0,0.194444,0.0,0.0,0.0,0.163597,0.0,0.026786,0.0,0.0,0.0,0.0,0.187192,0.0,0.0,0.0,0.393393,0.25463,0.442623,0.0,0.0,0.346821,0.022556,0.0,0.0,0.0,0.0,0.469565,0.0,0.185185,0.0,0.136364,0.819048,0.031746,0.05303,0.026316,0.0,0.0,0.0,0.140127,0.0,0.229706,0.0,0.555988,0.0
2,0.00253,0,44,1,1865,1,1000,1,203.0,0.00253,0.110138,0.0,0.0,0.0,0.030875,0.011364,0.102687,0.034091,0.035896,0.0,0.003409,0.007576,0.005981,0.045052,0.0,0.018533,0.038312,0.06937,0.026149,0.008217,0.022727,0.034946,0.0,0.011095,0.0,0.005303,0.0,0.011466,0.044643,0.018717,0.017288,0.049242,0.0,0.0,0.02369,0.0,0.004187,0.0,0.024102,0.030594,0.001476,0.0,0.001623,0.015151,0.0,0.078266,0.0,0.009587,0.005981,0.02531,0.011045,0.019697,0.00645,0.0,0.007576,0.022727,0.03168,0.0,0.001643,0.0,0.01771,0.007775,0.036364,0.054367,0.0,0.028409,0.017184,0.022727,0.0,0.0,0.008678,0.058081,0.020892,0.002289,0.028764,0.001829,0.0,0.031479,0.019886,0.037226,0.001926,0.007221,0.0,0.011039,0.012744,0.030032,0.009358,0.038593,0.0,0.0,0.0,0.056412,0.002005,0.0,0.067483,0.056091,0.004011,0.0,0.015152,0.0,0.008523,0.006661,0.0,0.0,0.013041,0.0,0.005455,0.002351,0.00487,0.0,0.325535,0.0,0.005981,0.0,0.02512,0.0,0.011364,0.0,0.004545,0.037403,0.057911,0.0,0.0,0.022727,0.03125,0.026818,0.015584,0.0,0.0,0.0,0.012909,0.0,0.0,0.022727,0.022727,0.0,0.046659,0.03125,0.0,0.007576,0.015151,0.014132,0.011364,0.028656,0.026316,0.0,0.001337,0.018182,0.0,0.0,0.0,0.008741,0.000758,0.005929,0.004132,0.002525,0.012397,0.01089,0.0,0.0,0.0,0.0,0.034585,0.012626,0.0,0.0,0.0,0.034891,0.0,0.018263,0.0,0.0,0.009569,0.0,0.049746,0.031145,0.0,0.0,0.042383,0.041035,0.015276,0.0,0.020909,0.050841,0.05622,0.013806,0.0,0.018182,0.009377,0.018577,0.0,0.010943,0.009907,0.015496,0.053247,0.003968,0.015668,0.010167,0.0,0.0,0.005165,0.025333,0.0,0.06512,0.099802,0.051562,0.000958
3,0.002638,0,4,1,1865,1,1000,1,,0.002638,0.480442,0.0,0.0,0.0,0.089622,0.066406,0.243451,0.0,0.346963,0.0,0.00625,0.089286,0.0,0.345133,0.0,0.212335,0.0,0.022876,0.239362,0.015384,0.0,0.045699,0.0,0.007874,0.0,0.016666,0.0,0.002252,0.0,0.0,0.023504,0.069444,0.0,0.0,0.012712,0.25,0.032895,0.0,0.084395,0.125,0.123376,0.0,0.056122,0.271605,0.0,0.031457,0.0,0.068182,0.0,0.164773,0.121495,0.0,0.197635,0.0,0.02381,0.175,0.214015,0.0,0.090362,0.0,0.045454,0.029605,0.085714,0.176471,0.0,0.105114,0.02439,0.0,0.008064,0.01087,0.0,0.231482,0.046584,0.0,0.027344,0.293104,0.0,0.001437,0.0,0.060345,0.021186,0.160535,0.0,0.007143,0.051786,0.392857,0.058824,0.009434,0.0,0.0,0.0,0.045759,0.01103,0.0,0.153846,0.141,0.0,0.0,0.034722,0.0,0.03125,0.088362,0.0,0.0,0.059889,0.0,0.005,0.068966,0.0,0.0,0.044118,0.0,0.039474,0.0,0.052632,0.0,0.0,0.0,0.0,0.075714,0.028846,0.0,0.0,0.0,0.402083,0.13,0.071428,0.0,0.0,0.0,0.01,0.0,0.0,0.0,0.0,0.0,0.06457,0.0,0.0,0.0,0.077114,0.006411,0.043103,0.0,0.339474,0.0,0.039216,0.015,0.0,0.0,0.0,0.067308,0.025,0.0,0.0,0.0,0.022727,0.109375,0.0,0.0,0.0,0.0,0.152174,0.0625,0.0,0.0,0.0,0.317443,0.0,0.049665,0.0,0.0,0.0,0.0,0.101806,0.0,0.034483,0.0,0.344594,0.114583,0.184426,0.0,0.0,0.234104,0.201128,0.0,0.0,0.1375,0.06993,0.221739,0.0,0.055555,0.048077,0.32197,0.273809,0.003968,0.25947,0.203947,0.0,0.0,0.0,0.146497,0.0,0.105786,0.298593,0.377313,0.0
4,0.002652,0,126,1,1865,1,1000,1,,0.002652,0.116071,0.0,0.000441,0.002645,0.007787,0.019717,0.072423,0.006614,0.060377,0.001323,0.006151,0.02381,0.0,0.062579,0.0,0.057244,0.000227,0.006899,0.076118,0.013736,0.0,8.5e-05,0.0,0.001,0.0,0.042196,0.0,0.002502,0.010204,0.0,0.002103,0.00779,0.0,0.0,0.001749,0.002646,0.018014,0.0,0.020448,0.000305,0.009895,0.0,0.015549,0.001666,0.00181,0.054557,0.0,0.008658,0.0401,0.006133,0.016763,0.001058,0.03979,0.0,0.024187,0.011111,0.016955,0.0,0.018933,0.0,0.004226,0.023183,0.012925,0.00498,0.0,0.003608,0.013453,0.0,0.009729,0.014838,0.016595,0.008524,0.020211,0.006166,0.001612,0.02828,0.0,0.000867,0.006944,0.003695,0.014393,0.023677,0.0,0.004308,0.007965,0.080357,0.037348,0.010632,0.0,0.0,0.000722,0.042021,0.014823,0.002645,0.04652,0.04819,0.028011,0.0,0.001323,0.0,0.007937,0.008689,0.0,0.0,0.012822,0.0,0.007302,0.012042,0.006236,0.0,0.020775,0.0,0.005013,0.021049,0.013784,0.0,0.0,0.0,0.0,0.027256,0.014118,0.007937,0.0,0.001587,0.07328,0.024921,0.00771,0.0,0.0,0.0,0.01746,0.0,0.0,0.0,0.0,0.0,0.030222,0.003968,0.0,0.002646,0.024204,0.003002,0.018062,0.007591,0.046867,0.0,0.018052,0.007143,0.0,0.0,0.002646,0.036732,0.007143,0.003106,0.0,0.006614,0.011544,0.016865,0.0,0.0,0.0,0.0,0.011732,0.00485,0.0,0.0,0.011111,0.062813,0.002645,0.010452,0.0,0.006349,0.004177,0.0,0.044192,0.018519,0.002189,0.0,0.042066,0.019143,0.026412,0.011621,0.005397,0.07152,0.040936,0.010088,0.010582,0.001984,0.034632,0.051622,0.0,0.022046,0.016178,0.053992,0.078685,0.009322,0.03385,0.027151,0.0,0.0,0.003608,0.028763,0.005013,0.047413,0.010778,0.101567,0.0
5,0.003259,0,1,1,1865,1,1000,1,,0.003259,0.661565,0.0,0.0,0.0,0.0,0.203125,0.137813,0.0,0.658879,0.0,0.0,0.0,0.0,0.871681,0.0,0.312618,0.0,0.0,0.258592,0.261538,0.0,0.0,0.0,0.0,0.0,0.316667,0.0,0.018018,0.0,0.0,0.0,0.0,0.0,0.0,0.0,0.0,0.092105,0.0,0.0,0.0,0.012987,0.0,1.0,0.0,0.0,0.072848,0.0,0.094545,0.0,0.0,0.037383,0.0,0.0,0.0,0.52381,0.0,0.090909,0.0,0.0,0.0,0.103896,0.592105,0.657143,0.098039,0.0,0.0,0.0,0.0,0.0,0.043478,0.0,0.259259,0.006211,1.0,0.0,0.0,0.0,0.0,0.0,0.0,0.237288,0.157191,0.0,0.0,0.0,0.366071,0.705882,0.0,0.0,0.0,0.0,0.40625,0.441176,0.0,0.2,0.132,0.0,0.0,0.0,0.0,0.0,0.241379,0.0,0.0,0.013928,0.0,0.0,0.0,0.0,0.0,0.0,0.0,0.0,0.304348,0.0,0.0,0.0,0.0,0.0,0.0,0.182692,0.0,0.0,0.4,0.508333,0.0,0.114286,0.0,0.0,0.0,0.064,0.0,0.0,0.0,0.0,0.0,0.046358,0.0,0.0,0.0,1.0,0.012821,0.017241,0.173913,0.157895,0.0,0.0,0.0,0.0,0.0,0.0,0.423077,0.0,0.0,0.0,0.0,0.0,0.1875,0.0,0.0,0.0,0.0,0.0,0.0,0.0,0.0,0.0,0.208017,0.0,0.03125,0.0,0.0,0.0,0.0,0.197044,0.333333,0.034483,0.0,0.705706,0.027778,0.016393,0.0,0.0,0.572254,0.533835,0.009346,0.0,0.0,0.503497,0.008696,0.0,0.0,0.0,0.0,0.4,0.619048,0.219697,0.0,0.0,0.0,0.0,0.050955,0.473684,0.08981,0.0,0.70594,0.0
6,0.002961,0,1,1,1865,1,1000,1,,0.002961,0.784864,0.0,0.0,0.0,0.0,0.078125,0.693622,0.0,0.219626,0.0,0.0,0.047619,0.0,0.221239,0.0,0.303202,0.0,0.0,0.332242,0.007692,0.0,0.0,0.0,0.0,0.0,0.1,0.0,0.0,0.0,0.0,0.0,0.0,0.0,0.0,0.008475,0.0,0.098684,0.0,0.33758,0.0,0.324675,0.0,0.081633,0.0,0.0,0.059603,0.0,0.098182,0.0,0.0,0.11215,0.0,0.148649,0.0,0.095238,0.0,0.022727,0.0,0.349398,0.0,0.103896,0.092105,0.371429,0.0,0.0,0.0,0.585366,0.0,0.032258,0.043478,0.345455,0.185185,0.277433,0.064748,0.0,0.229885,0.0,0.0,0.0,0.0,0.0,0.090301,0.0,0.0,0.042857,0.839286,0.647059,0.188679,0.0,0.0,0.0,0.1875,0.014706,0.0,0.584615,0.428,0.176471,0.0,0.0,0.0,0.0,0.025862,0.0,0.0,0.111421,0.0,0.0,0.034483,0.0,0.0,0.382353,0.0,0.0,0.0,0.0,0.0,0.0,0.0,0.0,0.428571,0.230769,0.0,0.0,0.0,0.558333,0.22,0.2,0.0,0.0,0.0,0.256,0.0,0.0,0.0,0.0,0.0,0.264901,0.0,0.0,0.0,0.303483,0.019231,0.258621,0.26087,0.263158,0.0,0.039216,0.0,0.0,0.0,0.333333,0.294872,0.5,0.130435,0.0,0.0,0.090909,0.708333,0.0,0.0,0.0,0.0,0.086957,0.0,0.0,0.0,0.0,0.163597,0.0,0.171875,0.0,0.0,0.0,0.0,0.619048,0.0,0.0,0.0,0.054054,0.111111,0.131148,0.107143,0.28,0.375723,0.368421,0.018692,0.0,0.0,0.244755,0.991304,0.0,0.296296,0.012821,0.333333,0.419048,0.0,0.045455,0.0,0.0,0.0,0.0,0.388535,0.0,0.127807,0.007673,0.824732,0.0
7,0.002168,0,1,1,1865,1,1000,1,234.0,0.002168,0.505952,0.0,0.0,0.0,0.0,0.109375,0.252847,0.0,0.172897,0.0,0.1,0.0,0.0,0.380531,0.0,0.378531,0.0,0.0,0.438625,0.0,0.0,0.0,0.0,0.0,0.0,0.0,0.0,0.0,0.0,0.0,0.0,0.0,0.0,0.0,0.0,0.0,0.019737,0.0,0.031847,0.0,0.0,0.0,0.367347,0.049383,0.0,0.0,0.0,0.058182,0.0,0.0,0.074766,0.0,0.0,0.0,0.0,0.0,0.0,0.0,0.481928,0.0,0.0,0.0,0.0,0.0,0.0,0.0,0.0,0.0,0.0,0.0,0.0,0.0,0.05383,0.0,0.0,0.0,0.0,0.0,0.0,0.0,0.169492,0.107023,0.0,0.0,0.125,0.598214,0.0,0.509434,0.0,0.0,0.0,0.017857,1.0,0.0,0.0,0.388,0.882353,0.0,0.0,0.0,0.0,0.0,0.0,0.0,0.016713,0.0,0.0,1.0,0.0,0.0,0.441176,0.0,0.0,0.0,0.0,0.0,0.0,0.0,0.0,0.034286,0.019231,0.0,0.0,0.0,0.558333,0.02,0.0,0.0,0.0,0.0,0.128,0.0,0.0,0.0,0.0,0.0,0.099338,0.0,0.0,0.0,0.139303,0.0,0.068966,0.0,0.2,0.0,0.0,0.0,0.0,0.0,0.0,0.807692,0.0,0.0,0.0,0.0,0.0,0.020833,0.0,0.0,0.0,0.0,0.0,0.0,0.0,0.0,0.0,0.094258,0.0,0.109375,0.0,0.8,0.0,0.0,0.100164,0.0,0.0,0.0,0.303303,0.111111,0.0,0.0,0.0,0.098266,0.240602,0.046729,0.0,0.0,0.062937,1.0,0.0,0.0,0.0,0.045455,0.180952,0.0,1.0,0.0,0.0,0.0,0.0,0.292994,0.0,0.037997,0.0,0.553067,0.0
8,0.002213,0,1,1,1865,1,1000,1,,0.002213,0.301871,0.0,0.0,0.0,0.735849,0.515625,0.145786,0.0,0.32243,0.0,0.0,0.214286,0.0,0.017699,0.0,0.009416,0.0,0.0,0.090016,0.0,0.0,0.0,0.0,0.0,0.0,0.033333,0.0,0.612613,0.0,0.0,1.0,0.0,0.0,0.0,0.0,0.0,0.0,0.0,0.0,0.0,0.0,0.0,0.010204,0.0,0.0,0.0,0.0,0.0,0.0,0.0,0.0,0.0,0.02027,0.0,0.0,0.0,0.0,0.0,0.0,0.0,0.038961,0.144737,0.0,0.0,0.0,0.0,0.0,0.0,0.0,0.0,1.0,0.037037,0.006211,0.0,0.0,0.0,0.0,0.0,0.083333,0.0,0.0,0.113712,0.0,0.0,0.0,0.0,0.0,0.0,0.0,0.0,0.0,0.035714,0.0,0.0,0.030769,0.232,0.0,0.0,0.0,0.0,0.0,0.086207,0.0,0.0,0.066852,0.0,0.12,0.0,0.0,0.0,0.0,0.0,0.0,0.0,0.0,0.0,0.0,0.0,0.0,0.102857,0.048077,0.0,0.0,0.0,0.133333,0.16,0.057143,0.0,0.0,0.0,0.0,0.0,0.0,0.0,0.0,0.0,0.198675,0.0,0.0,0.0,0.134328,0.217949,0.0,0.0,0.126316,0.0,0.098039,0.02,0.0,0.0,0.0,0.0,0.1,0.0,0.0,0.0,0.0,0.020833,0.0,0.0,0.0,0.0,0.0,0.0,0.0,0.0,0.0,0.093174,0.0,0.0,0.0,0.0,0.0,0.0,0.047619,0.0,0.0,0.0,0.162162,0.0,0.0,0.0,0.0,0.196532,0.165414,0.028037,0.0,0.0,0.314685,0.0,0.0,0.0,0.051282,0.0,0.933333,0.0,0.287879,0.105263,0.0,0.0,0.772727,0.012739,0.157895,0.148532,0.0,0.257059,0.0
9,0.002502,0,1,1,1865,1,1000,1,34.0,0.002502,0.091837,0.0,0.0,0.0,0.0,0.0,0.025057,0.0,0.035047,0.0,0.0,0.047619,0.0,0.039823,0.0,0.114878,0.0,0.0,0.13257,0.0,0.0,0.0,0.0,0.0,0.0,0.0,0.0,0.0,0.0,0.0,0.0,0.0,0.0,0.0,0.0,0.0,0.0,0.0,0.0,0.0,0.0,0.0,0.0,0.0,0.0,0.006623,0.0,0.0,0.0,0.0,0.0,0.0,0.0,0.0,0.0,0.1,0.007576,0.0,0.024096,0.0,0.0,0.0,0.0,0.0,0.0,0.0,0.0,0.0,0.0,0.0,0.0,0.0,0.0,0.0,0.0,0.022989,0.0,0.0,0.0,0.0,0.0,0.023411,0.0,0.0,0.0,0.098214,0.0,0.0,0.0,0.0,0.0,0.004464,0.0,0.0,0.0,0.124,0.058824,1.0,0.0,0.0,0.0,0.0,0.0,0.0,0.027855,0.0,0.04,0.0,0.0,0.0,0.0,0.0,0.0,0.0,0.0,0.0,0.0,0.0,0.0,0.017143,0.0,0.0,0.0,0.0,0.091667,0.0,0.0,0.0,1.0,0.0,0.0,0.0,0.0,0.0,0.0,0.0,0.0,0.0,0.0,0.0,0.0199,0.0,0.137931,0.0,0.063158,0.0,0.0,0.0,0.0,0.0,0.0,0.128205,0.0,0.0,0.0,0.0,0.0,0.0,0.0,0.0,0.0,0.0,0.0,0.0,0.0,0.0,0.0,0.015168,0.0,0.011161,0.0,0.0,0.0,0.0,0.042693,0.0,0.0,0.0,0.0,0.087963,0.065574,0.0,0.0,0.0,0.0,0.0,0.0,0.0,0.006993,0.0,0.0,0.0,0.0,0.015152,0.0,0.0,0.030303,0.157895,0.0,0.0,0.0,0.0,0.0,0.010363,0.0,0.098345,0.0
0,0.0054,0,1301,2,1361,1001,5000,2,,0.0054,0.024729,0.000307,0.00111,0.001281,0.004974,0.003519,0.018046,0.00205,0.012366,0.000769,0.002613,0.007229,0.001092,0.012683,0.0,0.009177,0.002284,0.006792,0.012495,0.003607,0.000384,0.002066,0.000307,0.001622,0.0,0.00442,0.0,0.001738,0.003596,0.003391,0.00155,0.003772,0.0,0.0,0.003954,0.001793,0.003858,0.000769,0.003625,0.005824,0.003045,0.0,0.00411,0.001253,0.000391,0.008928,0.0,0.00298,0.004531,0.004996,0.002478,0.001025,0.005578,0.0,0.003184,0.002613,0.005596,0.0,0.003899,0.0,0.001348,0.005482,0.003821,0.004401,0.000384,0.004315,0.004059,0.0,0.000397,0.000936,0.002809,0.005437,0.004069,0.002334,0.002462,0.004515,0.000769,0.001091,0.001858,0.003048,0.002892,0.004997,0.0,0.001933,0.001743,0.012868,0.005561,0.004771,0.000769,0.0,0.0,0.007899,0.002136,0.000769,0.008845,0.014327,0.004069,0.0,0.002156,0.0,0.001441,0.002432,0.000769,0.000769,0.002753,0.0,0.003566,0.003552,0.001263,0.000769,0.0189,0.000769,0.001254,0.002005,0.004693,0.000769,0.0,0.000769,0.000154,0.005688,0.005669,0.000307,0.0,0.000461,0.013208,0.010407,0.005007,0.0,0.0,0.0,0.002466,0.000769,0.000769,0.0,0.0,0.000769,0.01012,0.004804,0.0,0.001025,0.007694,0.001434,0.004055,0.004111,0.015713,0.0,0.004913,0.002659,0.0,0.0,0.001537,0.008169,0.005099,0.002072,0.000908,0.002391,0.003564,0.008615,0.0,0.000769,0.001768,0.0,0.004311,0.006533,0.0,0.0,0.000307,0.009099,0.001793,0.003411,0.001153,0.0,0.001861,0.0,0.011229,0.002107,0.000186,0.0,0.009468,0.006879,0.004977,0.001784,0.002306,0.013271,0.009513,0.003987,0.001537,0.004535,0.004365,0.006884,0.0,0.003587,0.003291,0.006172,0.011339,0.002696,0.004728,0.004187,0.0,0.000256,0.000489,0.00915,0.00093,0.008763,0.011046,0.019524,0.001332
1,0.008683,0,1,2,1361,1001,5000,2,4213.0,0.008683,0.584184,0.0,0.0,0.0,0.0,0.0,0.341686,0.0,0.102804,0.0,0.0,0.0,0.0,0.079646,0.0,0.610169,0.0,0.0,0.654664,0.015385,0.0,0.0,0.0,0.0,0.0,0.0,0.0,0.18018,0.0,0.0,0.0,0.0,0.0,0.0,0.0,0.0,0.197368,0.0,0.0,0.0,0.649351,0.0,0.163265,0.0,0.0,0.086093,0.0,0.0,0.0,0.0,0.0,0.0,0.0,0.0,0.0,0.0,0.0,0.0,0.289157,0.0,0.0,0.289474,0.285714,0.0,0.0,0.0,0.0,0.0,0.064516,0.0,0.090909,0.0,0.093168,0.0,0.0,0.0,0.0,0.0,0.0,0.0,0.0,0.107023,0.0,0.0,0.0,0.035714,0.0,0.056604,0.0,0.0,0.0,0.03125,0.220588,0.0,0.061538,0.168,0.0,0.0,0.0,0.0,0.0,0.431034,0.0,0.0,0.0,0.0,0.0,0.068966,0.0,0.0,0.0,0.0,0.0,0.0,0.0,0.0,0.0,0.0,0.0,0.005714,0.153846,0.0,0.0,0.2,0.408333,0.16,0.028571,0.0,0.0,0.0,0.088,0.0,0.0,0.0,0.0,0.0,0.05298,0.0,0.0,0.0,0.452736,0.044872,0.0,0.26087,0.0,0.0,0.0,0.0,0.0,0.0,0.0,0.115385,0.0,0.0,0.0,0.0,0.818182,0.8125,0.0,0.0,0.0,0.0,0.0,0.0,0.0,0.0,0.0,0.336945,0.0,0.0,0.0,0.0,0.0,0.0,0.215107,0.0,0.0,0.0,0.246246,0.0,0.114754,0.0,0.0,0.473988,0.308271,0.46729,0.0,0.0,0.0,0.556522,0.0,0.037037,0.051282,0.212121,0.495238,0.126984,0.333333,0.0,0.0,0.0,0.0,0.312102,0.052632,0.333333,0.017903,0.473223,0.743295
2,0.009321,0,1,2,1361,1001,5000,2,,0.009321,0.988946,0.0,0.0,0.0,1.0,0.375,0.979499,0.0,0.245327,0.0,1.0,0.690476,0.0,0.106195,0.0,0.054614,0.0,0.0,0.243863,0.0,0.0,0.0,0.0,0.0,0.0,0.0,0.0,0.198198,0.0,0.0,0.615385,0.0,0.0,0.0,0.059322,0.0,0.276316,0.0,0.044586,0.0,0.818182,0.0,0.0,0.0,0.0,0.933775,0.0,0.043636,0.0,0.0,0.028037,0.0,0.040541,0.0,0.571429,0.0,0.166667,0.0,0.024096,0.0,0.051948,0.092105,0.428571,0.0,0.0,0.0,0.146341,0.0,0.0,0.086957,0.072727,0.185185,0.26087,0.007194,0.0,0.517241,0.0,0.0,0.0,0.0,0.0,0.401338,0.0,0.0,0.046429,0.294643,0.0,0.207547,0.0,0.0,0.0,0.428571,0.0,0.0,0.353846,0.188,0.0,0.0,0.0,0.0,0.0,0.068966,0.0,0.0,0.02507,0.0,0.04,0.0,0.0,0.0,0.411765,0.0,1.0,0.0,0.157895,0.0,0.0,0.0,0.0,0.12,0.028846,0.0,0.0,0.2,0.008333,0.4,0.228571,0.0,0.0,0.0,0.008,0.0,0.0,0.0,0.0,0.0,0.430464,0.0,0.0,0.0,0.293532,0.051282,0.103448,0.0,0.063158,0.0,0.0,0.0,0.0,0.0,0.0,0.0,0.0,0.26087,0.0,1.0,0.0,0.416667,0.0,0.0,0.0,0.0,0.0,0.111111,0.0,0.0,0.0,0.593716,0.0,0.330357,0.0,0.0,0.0,0.0,0.592775,0.0,1.0,0.0,0.141141,0.162037,0.0,0.0,0.16,0.300578,0.075188,0.028037,0.0,0.0,0.244755,0.591304,0.0,0.0,0.371795,0.060606,0.161905,0.206349,0.022727,0.0,0.0,0.0,0.0,1.0,0.0,0.392055,0.007673,0.909445,0.0
3,0.003556,0,1,2,1361,1001,5000,2,1309.0,0.003556,0.141156,0.4,0.0,0.0,0.132075,0.0,0.029613,0.0,0.151869,0.0,0.0,0.0,0.0,0.048673,0.0,0.082863,0.0,0.0,0.099836,0.0,0.0,0.0,0.0,0.0,0.0,0.0,0.0,0.0,0.0,0.0,0.0,0.0,0.0,0.0,0.0,0.0,0.0,0.0,0.0,0.0,0.0,0.0,0.0,0.0,0.0,0.033113,0.0,0.076364,0.0,0.0,0.0,0.466667,0.0,0.0,0.0,0.0,0.030303,0.0,0.0,0.0,0.0,0.0,0.0,0.0,0.0,0.0,0.0,0.0,0.0,0.0,0.127273,0.0,0.0,0.007194,0.0,0.0,0.0,0.0,0.0,0.0,0.084746,0.090301,0.0,0.0,0.0,0.017857,0.117647,0.0,0.0,0.0,0.0,0.004464,0.0,0.0,0.0,0.064,0.0,0.0,0.0,0.285714,0.0,0.034483,0.0,0.0,0.0,0.0,0.0,0.0,0.0,0.0,0.0,0.0,0.0,0.0,0.0,0.0,0.0,0.0,0.0,0.045714,0.0,0.0,1.0,0.0,0.491667,0.26,0.0,1.0,0.0,0.0,0.04,0.0,0.0,0.0,0.0,0.0,0.0,0.0,0.0,0.0,0.049751,0.0,0.086207,0.0,0.178947,0.0,0.372549,0.0,0.0,0.0,0.0,0.0,0.1,0.0,0.0,0.0,0.090909,0.0,0.0,0.0,0.0,0.0,0.0,0.0,0.0,0.0,0.0,0.0,0.0,0.004464,0.0,0.0,0.0,0.0,0.019704,0.0,0.0,0.0,0.054054,0.0,0.0,0.0,0.0,0.0,0.0,0.0,0.0,0.0,0.125874,0.0,0.0,0.0,0.0,0.030303,0.066667,0.0,0.151515,0.0,1.0,0.0,0.0,0.019108,0.0,0.013817,0.0,0.152872,0.0
4,0.008057,0,3,2,1361,1001,5000,2,,0.008057,0.675454,0.0,0.0,0.0,0.006289,0.052083,0.310175,0.0,0.644081,0.0,0.0,0.0,0.0,0.755162,0.0,0.137476,0.0,0.0,0.178396,0.005128,0.0,0.0,0.0,0.0,0.0,0.522222,0.0,0.099099,0.0,0.0,0.051282,0.0,0.0,0.0,0.0,0.166667,0.017544,0.0,0.118896,0.0,0.073593,0.0,0.22449,0.0,0.046784,0.344371,0.0,0.529697,0.210526,0.0,0.024922,0.0,0.027027,0.0,0.111111,0.033333,0.136364,0.0,0.184739,0.0,0.017316,0.127193,0.504762,0.0,0.0,0.0,0.235772,0.0,0.010753,0.15942,0.078788,0.037037,0.049689,0.22542,0.0,0.252873,0.0,0.0,0.125,0.0,0.435028,0.133779,0.0,0.0,0.059524,0.735119,0.392157,0.0,0.0,0.0,0.0,0.03125,0.039216,0.0,0.292308,0.074667,0.0,0.0,0.0,0.0,0.0,0.097701,0.0,0.0,0.063138,0.0,0.0,0.0,0.238095,0.0,0.04902,0.0,0.0,0.086957,0.087719,0.0,0.0,0.0,0.0,0.097143,0.028846,0.0,0.0,0.066667,0.627778,0.046667,0.0,0.0,0.0,0.0,0.021333,0.0,0.0,0.0,0.0,0.0,0.183223,0.0,0.0,0.0,0.169154,0.059829,0.022989,0.086957,0.003509,0.0,0.0,0.033333,0.0,0.0,0.0,0.183761,0.033333,0.0,0.0,0.0,0.0,0.055556,0.0,0.0,0.0,0.0,0.101449,0.148148,0.0,0.0,0.0,0.530155,0.0,0.029762,0.0,0.0,0.0,0.0,0.272578,0.0,0.0,0.0,0.371371,0.126543,0.15847,0.238095,0.066667,0.22158,0.378446,0.0,0.0,0.0,0.149184,0.295652,0.0,0.024691,0.115385,0.131313,0.346032,0.116402,0.277778,0.192982,0.0,0.0,0.090909,0.11465,0.017544,0.127231,0.028986,0.683869,0.0
5,0.005215,0,1,2,1361,1001,5000,2,1392.0,0.005215,0.32398,0.0,0.0,0.0,0.0,0.0,0.085421,0.0,0.366822,0.0,0.05,0.0,0.210526,0.141593,0.0,0.195857,0.0,0.0,0.193126,0.015385,0.0,0.0,0.0,0.0,0.0,0.0,0.0,1.0,0.0,0.0,0.25641,0.0,0.0,0.0,0.0,0.0,0.0,0.0,0.0,0.0,0.0,0.0,0.010204,0.0,0.0,0.072848,0.0,0.0,0.526316,0.0,0.009346,0.0,0.013514,0.0,0.0,0.0,0.0,0.0,0.0,0.0,0.0,0.381579,0.0,0.0,0.0,0.0,0.0,0.0,0.0,0.0,0.0,0.0,0.045549,0.007194,0.0,0.0,0.0,0.0,0.916667,0.0,0.0,0.036789,0.0,0.0,0.010714,0.0,0.0,0.0,0.0,0.0,0.0,0.013393,0.088235,0.0,0.046154,0.032,0.0,0.0,0.0,0.0,0.0,0.017241,0.0,0.0,0.0,0.0,0.0,0.0,0.0,0.0,0.058824,0.0,0.0,0.0,0.0,0.0,0.0,0.0,0.0,0.068571,0.0,0.0,0.0,0.0,0.058333,0.04,0.0,0.0,0.0,0.0,0.0,0.0,0.0,0.0,0.0,0.0,0.0,0.0,0.0,0.0,0.044776,1.0,0.0,0.0,0.105263,0.0,0.0,0.0,0.0,0.0,0.0,0.0,0.033333,0.0,0.0,0.0,0.0,0.104167,0.0,0.0,0.0,0.0,0.0,0.0,0.0,0.0,0.0,0.169014,0.0,0.0,0.0,0.0,0.0,0.0,0.0,0.0,0.0,0.0,0.069069,0.0,0.0,0.0,0.04,0.0,0.511278,0.196262,0.0,0.0,0.0,0.156522,0.0,0.0,0.5,0.454545,0.247619,0.0,0.0,0.0,0.0,0.0,0.0,0.050955,0.0,0.19171,0.01023,0.259981,0.0
6,0.005222,0,2,2,1361,1001,5000,2,1219.0,0.005222,0.885204,0.0,0.0,0.0,0.0,0.570312,0.8377,0.0,0.380841,0.0,0.05,0.023809,0.0,0.269911,0.0,0.078154,0.042857,0.019608,0.256956,0.41923,0.0,0.0,0.0,0.007874,0.0,0.675,0.0,0.0,0.0,0.0,0.0,0.037038,0.0,0.0,0.038136,0.0,0.026316,0.0,0.627388,0.057692,0.045454,0.0,0.0,0.006173,0.0,0.370861,0.0,0.145454,0.0,0.136364,0.014019,0.0,0.152027,0.0,0.02381,0.05,0.007576,0.0,0.0,0.0,0.27922,0.092106,0.342857,0.22549,0.0,0.0,0.054878,0.0,0.0,0.0,0.190909,0.0,0.18116,0.010791,0.0,0.08046,0.0,0.0,0.0,0.094827,0.0,0.381271,0.0,0.0,0.146429,0.388393,0.058824,0.0,0.0,0.0,0.0,0.267857,0.07353,0.0,0.169231,0.154,0.0,0.0,0.055556,0.0,0.0,0.198276,0.0,0.0,0.597493,0.0,0.0,0.068966,0.0,0.0,0.058824,0.0,0.0,0.0,0.131579,0.0,0.0,0.0,0.0,0.477143,0.033654,0.0,0.0,0.1,0.220834,0.77,0.0,0.0,0.0,0.0,0.02,0.0,0.0,0.0,0.0,0.0,0.307947,0.0,0.0,0.0,0.29602,0.0,0.0,0.304348,0.305263,0.0,0.117647,0.0,0.0,0.0,0.0,0.044872,0.216666,0.0,0.0,0.0,0.227272,0.21875,0.0,0.0,0.0,0.0,0.021739,0.0,0.0,0.0,0.025,0.366197,0.0,0.03683,0.0,0.0,0.0,0.0,0.256158,0.0,0.0,0.0,0.33033,0.164352,0.680328,0.0,0.0,0.433526,0.364662,0.088785,0.0,0.0,0.143356,0.239131,0.0,0.0,0.044872,0.666666,0.704762,0.174603,0.030304,0.144737,0.0,0.0,0.0,0.321656,0.0,0.177029,0.117647,0.869036,0.287995
7,0.005716,0,49,2,1361,1001,5000,2,,0.005716,0.262113,0.0,0.001134,0.006803,0.015402,0.058036,0.177607,0.003401,0.117585,0.0,0.014796,0.058309,0.002148,0.159382,0.0,0.110842,0.019825,0.022809,0.143592,0.040345,0.0,0.006364,0.0,0.015105,0.0,0.041497,0.0,0.018753,0.040816,0.0,0.008896,0.032502,0.0,0.0,0.011761,0.02381,0.050081,0.0,0.043416,0.088697,0.016963,0.0,0.081216,0.005795,0.003222,0.071631,0.0,0.045417,0.04189,0.038961,0.018882,0.001361,0.055571,0.0,0.02138,0.004082,0.076531,0.0,0.064913,0.0,0.019878,0.119227,0.052478,0.064426,0.0,0.040353,0.033101,0.0,0.002633,0.003549,0.05269,0.033258,0.046605,0.019968,0.017538,0.034717,0.0,0.011612,0.02381,0.028501,0.010723,0.043342,0.0,0.019242,0.01363,0.136297,0.063625,0.057374,0.0,0.0,0.016698,0.057945,0.031213,0.0,0.084144,0.145796,0.068427,0.0,0.005102,0.0,0.015306,0.03114,0.0,0.0,0.026207,0.0,0.028571,0.025334,0.014577,0.0,0.119448,0.0,0.003222,0.020408,0.037594,0.0,0.0,0.0,0.0,0.04828,0.055338,0.0,0.0,0.016327,0.119558,0.08,0.040816,0.0,0.0,0.020408,0.053551,0.0,0.0,0.0,0.0,0.0,0.080551,0.001276,0.0,0.0,0.081531,0.012166,0.021112,0.054126,0.166488,0.0,0.043617,0.05102,0.0,0.0,0.0,0.112245,0.021088,0.006211,0.0,0.030612,0.044527,0.018282,0.020408,0.0,0.0,0.0,0.018634,0.018707,0.0,0.0,0.003061,0.103146,0.0,0.061953,0.0,0.0,0.006445,0.0,0.102845,0.010582,0.00563,0.0,0.127474,0.079176,0.075276,0.008746,0.029388,0.152176,0.110941,0.029182,0.004082,0.022449,0.062937,0.105945,0.0,0.018896,0.026164,0.066172,0.109427,0.016197,0.088745,0.052632,0.0,0.0,0.003711,0.091772,0.016112,0.086567,0.080328,0.219582,0.009409
8,0.009174,0,1,2,1361,1001,5000,2,,0.009174,0.622449,0.0,0.0,0.0,0.075472,0.15625,0.667426,0.0,0.114486,0.0,0.05,0.142857,0.0,0.327434,0.0,0.003766,0.0,0.627451,0.02455,0.0,0.0,0.043011,0.0,1.0,0.0,0.0,0.0,0.0,0.321429,0.0,0.0,0.611111,0.0,0.0,1.0,0.0,0.0,0.0,0.0,1.0,0.0,0.0,0.0,0.160494,0.0,0.02649,0.0,0.083636,0.0,0.113636,0.0,0.0,0.0,0.0,0.0,0.0,0.25,0.0,0.0,0.0,0.0,0.0,0.171429,1.0,0.0,1.0,0.0,0.0,0.0,0.0,0.0,0.333333,0.004141,0.0,0.0,0.0,0.0,0.0,0.0,0.0,0.0,0.0,0.0,1.0,0.125,0.0,0.0,0.0,0.0,0.0,0.0,0.017857,0.0,0.0,0.030769,0.016,0.0,0.0,0.0,0.0,0.0,0.0,0.0,0.0,0.044568,0.0,0.0,0.0,0.0,0.0,0.147059,0.0,0.0,0.0,0.0,0.0,0.0,0.0,0.0,0.005714,0.125,0.0,0.0,0.0,0.0,0.0,0.0,0.0,0.0,0.0,0.0,0.0,0.0,0.0,0.0,0.0,0.019868,0.0,0.0,0.0,0.00995,0.051282,0.0,0.0,0.031579,0.0,0.0,0.04,0.0,0.0,0.0,0.0,0.033333,0.0,0.0,0.0,0.090909,0.0,0.0,0.0,0.0,0.0,0.0,0.0,0.0,0.0,0.0,0.72156,0.0,0.004464,0.0,0.0,0.0,0.0,0.167488,0.0,0.0,0.0,0.222222,0.273148,0.508197,0.0,0.0,0.0,0.819549,0.0,0.0,0.0,0.0,0.104348,0.0,0.0,0.0,0.0,0.0,0.15873,0.0,0.815789,0.0,0.0,0.0,0.267516,0.0,0.702936,0.808184,0.009737,0.0
9,0.005397,0,1,2,1361,1001,5000,2,,0.005397,0.37415,0.0,0.0,0.0,0.0,0.21875,0.297267,0.0,0.189252,0.0,0.025,0.0,0.0,0.172566,0.0,0.084746,0.0,0.0,0.135843,0.023077,0.0,0.0,0.0,0.0,0.0,0.1,0.0,0.0,0.0,0.0,0.0,0.0,0.0,0.0,0.0,0.0,0.013158,0.0,0.0,0.0,0.0,0.0,0.714286,0.0,1.0,0.0,0.0,0.065455,0.421053,0.0,0.0,0.0,0.006757,0.0,1.0,0.1,0.0,0.0,0.26506,0.0,0.0,0.078947,0.4,0.0,0.0,0.0,0.231707,0.0,0.0,0.608696,0.072727,0.0,0.026915,0.007194,0.0,0.0,0.0,0.0,0.0,0.0,0.220339,0.013378,0.0,0.0,0.078571,0.053571,0.352941,0.358491,0.0,0.0,0.0,0.116071,0.514706,0.0,0.0,0.088,0.0,0.0,0.0,0.0,0.0,0.017241,0.0,0.0,0.05571,0.0,0.04,0.0,0.0,0.0,0.088235,0.0,0.0,0.0,0.0,0.0,0.0,0.0,0.0,0.028571,0.0,0.0,0.0,0.0,0.008333,0.06,0.0,0.0,0.0,0.0,0.008,0.0,0.0,0.0,0.0,0.0,0.059603,0.0,0.0,0.0,0.0,0.0,0.017241,0.0,0.010526,0.0,0.039216,0.04,0.0,0.0,0.0,0.525641,0.033333,0.0,0.0,0.0,0.0,0.0,0.0,0.0,0.0,0.0,0.0,0.0,0.0,0.0,0.0,0.280607,0.0,0.011161,0.0,0.0,0.0,0.0,0.384236,0.0,0.0,0.0,0.216216,0.064815,0.0,0.0,0.0,0.115607,0.0,0.0,0.0,0.0,0.034965,0.0,0.0,0.333333,0.0,0.0,0.038095,0.0,0.106061,0.236842,0.0,0.0,0.0,0.159236,0.0,0.127807,0.002558,0.334956,0.0
0,0.012849,0,7,3,267,5001,10000,3,,0.012849,0.312196,0.0,0.0,0.0,0.018868,0.051339,0.225838,0.0,0.126836,0.0,0.0,0.020408,0.022556,0.211757,0.0,0.112725,0.008163,0.036415,0.140051,0.010989,0.0,0.003072,0.0,0.011249,0.0,0.004762,0.0,0.016731,0.045918,0.0,0.004884,0.058201,0.0,0.0,0.003632,0.0,0.150376,0.0,0.045496,0.0,0.081633,0.0,0.058309,0.003527,0.0,0.15894,0.0,0.045714,0.022556,0.081169,0.012016,0.0,0.055985,0.0,0.006803,0.0,0.049784,0.0,0.005163,0.0,0.0,0.06579,0.020408,0.061625,0.0,0.00487,0.041812,0.0,0.0,0.080745,0.025974,0.042328,0.085478,0.006166,0.004464,0.155993,0.0,0.002463,0.0,0.012315,0.024213,0.057334,0.0,0.0,0.057653,0.315051,0.016807,0.026954,0.0,0.0,0.0,0.075893,0.048319,0.0,0.206593,0.202286,0.016807,0.0,0.0,0.0,0.0,0.013547,0.0,0.0,0.048548,0.0,0.037143,0.078818,0.0,0.0,0.235294,0.0,0.0,0.0,0.0,0.0,0.0,0.0,0.0,0.072653,0.074176,0.0,0.0,0.0,0.117857,0.031429,0.020408,0.0,0.0,0.0,0.08,0.0,0.0,0.0,0.0,0.0,0.102176,0.089286,0.0,0.0,0.074627,0.002747,0.0,0.0,0.144361,0.0,0.0,0.02,0.0,0.0,0.0,0.010989,0.004762,0.080745,0.0,0.0,0.0,0.181548,0.0,0.0,0.0,0.0,0.037267,0.007937,0.0,0.0,0.0,0.131714,0.0,0.053571,0.0,0.057143,0.0,0.0,0.112597,0.0,0.0,0.0,0.167739,0.033069,0.194379,0.0,0.0,0.304707,0.110634,0.036048,0.0,0.0,0.096903,0.088199,0.0,0.042328,0.007326,0.051948,0.157823,0.002268,0.108225,0.048872,0.0,0.0,0.0,0.124659,0.052632,0.107081,0.048228,0.276812,0.028462
1,0.012305,0,252,3,267,5001,10000,3,,0.012305,0.033882,0.007937,0.000441,0.0,0.002621,0.00775,0.025224,0.002646,0.017718,0.0,0.002282,0.005574,0.000835,0.013889,0.0,0.012361,0.001247,0.012605,0.016295,0.006166,0.0,0.004651,0.0,0.001031,0.0,0.008664,0.003968,0.003825,0.000992,0.007236,0.001967,0.005291,0.0,0.003968,0.004338,0.001323,0.008641,0.0,0.00417,0.003053,0.002422,0.0,0.007086,0.001127,0.000209,0.009487,0.000567,0.005094,0.006683,0.010913,0.002819,0.0,0.00606,0.0,0.007181,0.001984,0.005201,0.0,0.009275,0.0,0.001031,0.008772,0.002268,0.005291,0.001984,0.005051,0.004162,0.0,0.000384,0.002761,0.002814,0.013521,0.005299,0.003654,0.004278,0.005154,0.0,0.001346,0.003638,0.003079,0.003699,0.009224,0.0,0.001701,0.002069,0.014881,0.012138,0.004567,0.0,0.0,0.0,0.008751,0.003151,0.002646,0.012027,0.022365,0.001167,0.0,0.004299,0.0,0.000496,0.002976,0.0,0.001984,0.004024,0.001984,0.007619,0.004516,0.001134,0.0,0.018908,0.0,0.00188,0.000863,0.004386,0.0,0.0,0.0,0.0,0.008866,0.006029,0.002381,0.0,0.0,0.01455,0.018651,0.006803,0.0,0.0,0.0,0.005524,0.0,0.0,0.0,0.0,0.0,0.012404,0.002728,0.0,0.0,0.009062,0.001908,0.0039,0.002933,0.019089,0.003968,0.007937,0.005079,0.0,0.0,0.002646,0.010073,0.006217,0.006039,0.0,0.001984,0.002164,0.013889,0.0,0.0,0.003175,0.0,0.008972,0.01422,0.001984,0.0,0.00119,0.011264,0.003968,0.007361,0.0,0.003968,0.0,0.0,0.014068,0.001911,0.000137,0.0,0.015599,0.010141,0.009042,0.002693,0.003968,0.017295,0.013426,0.004858,0.0,0.003373,0.011683,0.009593,0.0,0.005585,0.004528,0.005772,0.017234,0.004031,0.008658,0.008041,0.0,0.0,0.0,0.010565,0.005013,0.010616,0.014594,0.027415,0.004708
2,0.015285,0,1,3,267,5001,10000,3,,0.015285,0.807823,0.0,0.0,0.0,0.0,0.0,0.723235,0.0,0.535047,0.0,0.0,0.0,0.0,0.137168,0.0,0.105461,0.0,0.0,0.234043,0.469231,0.0,0.0,0.0,0.0,0.0,0.0,0.0,0.0,0.0,0.0,0.0,0.0,0.0,0.0,0.0,0.0,0.0,0.0,0.159236,0.0,0.168831,0.0,0.05102,0.0,0.0,0.470199,0.0,0.109091,0.0,0.090909,0.149533,0.0,1.0,0.0,0.0,0.0,0.083333,0.0,0.0,0.0,0.0,0.065789,0.0,0.0,0.0,0.0,0.256098,0.0,0.0,0.0,0.0,0.0,0.36646,0.035971,0.09375,0.045977,0.0,0.0,0.0,0.0,0.0,0.364548,0.0,0.0,0.128571,0.232143,0.176471,0.0,0.0,0.0,0.0,0.3125,0.029412,0.0,0.0,0.56,0.0,0.0,0.0,0.0,0.0,0.163793,0.0,0.0,0.125348,0.0,0.02,0.275862,0.0,0.0,0.029412,0.0,0.0,0.0,0.0,0.0,0.0,0.0,0.0,0.542857,0.0,0.0,0.0,0.0,0.141667,0.3,0.085714,0.0,0.0,0.0,0.024,0.0,0.0,0.0,0.0,0.0,0.013245,0.0,0.0,0.0,0.283582,0.0,0.0,0.0,0.926316,0.0,0.0,0.0,0.0,0.0,0.0,0.012821,0.0,0.0,0.0,0.0,0.0,0.0,0.0,0.0,0.0,0.0,0.0,0.0,0.0,0.0,0.0,0.392199,0.0,0.049107,0.0,0.0,0.0,0.0,0.062397,0.0,0.0,0.0,0.837838,0.907407,0.04918,0.0,0.0,0.294798,0.210526,0.074766,0.0,0.0,0.545455,0.121739,0.0,0.0,0.089744,0.590909,0.561905,0.047619,0.477273,0.0,0.0,0.0,0.0,0.216561,0.0,0.385147,0.030691,0.695229,0.736909
3,0.010123,0,1,3,267,5001,10000,3,,0.010123,0.130952,0.0,0.0,0.0,0.056604,0.015625,0.16287,0.0,0.0,0.0,0.0,0.0,0.0,0.0,0.0,0.015066,0.0,0.065359,0.031097,0.0,0.0,0.064516,0.0,0.0,0.0,0.0,0.0,0.0,0.0,0.0,0.0,0.0,0.0,0.0,0.127119,0.0,0.0,0.0,0.009554,0.0,0.0,0.0,0.0,0.074074,0.0,0.013245,0.0,0.0,0.0,0.0,0.0,0.0,0.0,0.0,0.0,0.0,0.0,0.0,0.0,0.0,0.0,0.0,0.257143,0.0,0.0,0.0,0.02439,0.0,0.0,0.0,0.0,0.0,0.028986,0.0,0.0,0.0,0.0,0.0,0.0,0.0,0.0,0.0,0.0,0.0,0.05,0.0,0.0,0.0,0.0,0.0,0.0,0.017857,0.0,0.0,0.0,0.052,0.0,0.0,1.0,0.0,0.0,0.0,0.0,0.0,0.016713,0.0,0.0,0.0,0.0,0.0,0.235294,0.0,0.052632,0.0,0.157895,0.0,0.0,0.0,0.0,0.005714,0.0,0.0,0.0,0.0,0.041667,0.18,0.0,0.0,0.0,0.0,0.0,0.0,0.0,0.0,0.0,0.0,0.006623,0.0,0.0,0.0,0.039801,0.0,0.0,0.0,0.0,0.0,0.0,0.0,0.0,0.0,0.0,0.0,0.966667,0.0,0.0,0.0,0.0,0.0,0.0,0.0,0.0,0.0,0.086957,0.0,0.0,0.0,0.0,0.007584,0.0,0.049107,0.0,0.0,0.0,0.0,0.004926,0.0,0.0,0.0,0.174174,0.0,0.016393,0.0,0.0,0.0,0.0,0.028037,0.0,0.0,0.006993,0.017391,0.0,0.0,0.0,0.0,0.0,0.0,0.0,0.0,0.0,0.0,0.318182,0.146497,0.0,0.015544,0.189258,0.070107,0.0
4,0.01295,0,1,3,267,5001,10000,3,,0.01295,0.731293,0.0,0.0,0.0,0.056604,0.03125,0.142369,0.0,0.179907,0.0,0.0,0.0,0.0,0.539823,0.0,1.0,0.0,0.0,1.0,0.0,0.0,0.043011,0.0,0.0,0.0,0.0,0.0,0.0,0.0,0.0,0.0,0.0,0.0,0.0,0.008475,0.0,0.052632,0.0,0.0,0.0,0.246753,0.0,0.561224,0.0,0.070175,0.145695,0.0,0.0,0.210526,0.0,0.28972,0.0,0.013514,0.0,0.047619,0.0,0.030303,0.0,0.024096,0.0,0.0,0.0,0.0,0.0,0.0,0.045455,0.0,0.0,0.0,0.478261,0.0,0.037037,0.0,0.0,0.0,0.149425,0.0,0.0,0.0,0.0,0.033898,0.0,0.0,0.028571,0.0,0.392857,0.529412,0.037736,0.0,0.0,0.0,0.013393,0.308824,0.0,0.061538,0.18,0.0,0.0,0.0,0.0,0.0,0.146552,0.0,0.0,0.0,0.0,0.02,0.103448,0.0,0.0,0.058824,0.0,0.0,0.0,0.0,0.0,0.0,0.0,0.0,0.0,0.0,0.0,0.0,0.0,0.991667,0.04,0.0,0.0,0.0,0.0,0.16,0.0,0.0,0.0,0.0,0.0,0.430464,0.0,0.0,0.0,0.074627,0.0,0.0,0.0,0.031579,0.0,0.0,0.0,0.0,0.0,0.0,0.679487,0.0,0.0,0.0,0.0,0.0,0.145833,0.0,0.0,0.0,0.0,0.0,0.0,0.0,0.0,0.0,0.511376,0.0,0.020089,0.0,0.0,0.0,0.0,0.162562,0.0,0.0,0.0,0.405405,0.509259,0.819672,0.0,0.0,0.456647,0.451128,0.0,0.0,0.0,0.027972,0.147826,0.0,0.0,0.115385,0.0,0.2,0.222222,0.507576,0.842105,0.0,0.0,0.181818,0.0,0.0,0.264249,0.030691,0.677702,0.0
5,0.00951,0,1,3,267,5001,10000,3,,0.00951,0.69898,0.0,0.0,0.0,0.0,0.046875,0.88041,0.0,0.079439,0.0,0.0,0.047619,0.0,0.013274,0.0,0.015066,0.0,0.0,0.00982,0.630769,0.0,0.0,0.0,0.0,0.0,0.0,0.0,0.0,0.0,0.0,0.017094,0.0,0.0,0.0,0.0,0.0,1.0,0.0,0.181529,0.0,0.0,0.0,0.0,0.0,0.0,0.0,0.0,0.018182,0.0,0.0,0.186916,0.0,0.0,0.0,0.0,0.0,0.0,0.0,0.493976,0.0,0.181818,0.065789,0.0,0.0,0.0,0.0,0.963415,0.0,0.0,0.0,0.818182,0.0,0.36646,0.0,0.0,0.0,0.0,0.0,0.125,0.0,0.0,0.036789,0.0,0.0,0.360714,0.008929,0.0,0.0,0.0,0.0,0.0,0.040179,0.0,0.0,0.0,0.256,0.0,0.0,0.0,0.0,0.0,1.0,0.0,0.0,0.261838,0.0,0.0,0.034483,0.0,0.0,0.0,0.0,0.0,0.0,0.0,0.0,0.0,0.0,0.0,0.451429,0.25,0.0,0.0,0.0,0.008333,1.0,0.114286,0.0,0.0,0.0,0.0,0.0,0.0,0.0,0.0,0.0,0.609272,0.0,0.0,0.0,0.124378,0.00641,0.0,0.0,0.0,0.0,0.0,0.0,0.0,0.0,0.0,0.128205,0.0,0.0,0.0,0.0,0.0,0.0,0.0,0.0,0.0,0.0,0.0,0.0,0.0,0.0,0.0,0.270856,0.0,0.002232,0.0,0.0,0.0,0.0,0.152709,0.0,0.0,0.0,0.498498,0.425926,0.0,0.0,0.0,0.138728,0.473684,0.635514,0.0,0.35,0.0,0.043478,0.0,0.0,0.769231,0.121212,0.590476,0.0,0.106061,0.026316,0.0,0.0,0.0,0.286624,0.473684,0.122625,0.007673,0.729309,0.0
6,0.014705,0,1,3,267,5001,10000,3,,0.014705,0.585884,0.0,0.0,0.0,0.09434,0.0,0.732346,0.0,0.035047,0.0,0.0,0.0,0.0,0.075221,0.0,0.018832,0.0,0.0,0.06383,0.5,0.0,0.0,0.0,0.0,0.0,0.0,0.0,0.081081,0.0,0.0,0.042735,0.0,0.0,0.0,0.0,0.0,0.0,0.0,0.003185,0.0,0.012987,0.0,0.030612,0.0,0.0,0.0,0.0,0.010909,0.0,0.0,0.0,0.0,0.02027,0.0,0.0,0.0,0.083333,0.0,0.0,0.0,0.38961,0.039474,0.0,0.0,0.0,0.0,0.5,0.0,0.0,0.0,0.0,1.0,0.399586,0.0,0.171875,0.022989,0.0,0.0,0.0,0.0,0.118644,0.120401,0.0,0.0,0.242857,0.285714,0.0,0.283019,0.0,0.0,0.0,0.075893,0.029412,0.0,0.353846,0.108,0.0,0.0,0.0,0.0,0.0,0.12931,0.0,0.0,0.052925,0.0,0.0,0.0,0.0,0.0,0.294118,0.0,0.0,0.0,0.105263,0.0,0.0,0.0,0.0,0.354286,0.038462,0.0,0.0,0.0,0.0,0.14,0.171429,0.0,0.0,0.0,0.04,0.0,0.0,0.0,0.0,0.0,0.05298,0.0,0.0,0.0,0.029851,0.038462,0.0,0.0,0.010526,0.0,0.0,0.16,0.0,0.0,0.0,0.025641,0.933333,0.0,0.0,0.0,0.0,0.0,0.0,0.0,0.0,0.0,0.0,0.361111,0.0,0.0,0.0,0.416035,0.0,0.078125,0.0,0.0,0.0,0.0,0.123153,0.0,0.0,0.0,0.039039,0.282407,0.098361,0.0,0.0,0.144509,0.0,0.018692,0.0,0.0,0.0,0.017391,0.0,0.0,0.0,0.0,0.257143,0.0,0.242424,0.0,0.0,0.0,0.0,0.146497,0.0,0.493955,0.012788,0.38851,0.0
7,0.014289,0,1,3,267,5001,10000,3,,0.014289,0.264456,0.0,0.0,0.0,0.226415,0.0,0.3041,0.0,0.028037,0.0,0.0,0.0,0.0,0.048673,0.0,0.018832,0.0,0.346405,0.090016,0.015385,0.0,0.0,0.0,0.023622,0.0,0.0,0.0,0.0,0.428571,0.0,0.0,0.388889,0.0,0.0,0.355932,0.0,0.019737,0.0,0.111465,0.0,0.0,0.0,0.0,0.0,0.0,0.039735,0.0,0.021818,0.0,0.136364,0.056075,0.0,0.0,0.0,0.0,0.0,0.136364,0.0,0.0,0.0,0.0,0.0,0.228571,0.0,0.0,0.034091,0.012195,0.0,0.0,0.0,0.0,0.111111,0.0,0.0,0.0,0.0,0.0,0.017241,0.0,0.017241,0.0,0.006689,0.0,0.057143,0.021429,0.008929,0.0,0.0,0.0,0.0,0.0,0.03125,0.0,0.0,0.123077,0.2,0.0,0.0,0.222222,0.0,0.0,0.0,0.0,0.0,0.038997,0.0,0.0,0.0,0.0,0.0,0.558824,0.0,0.0,0.0,0.0,0.0,0.0,0.0,0.0,0.148571,0.115385,0.0,0.0,0.0,0.183333,0.0,0.0,0.0,0.0,0.0,0.0,0.0,0.0,0.0,0.0,0.0,0.139073,0.8125,0.0,0.0,0.014925,0.0,0.034483,0.0,0.126316,0.0,0.0,0.0,0.0,0.0,0.0,0.0,0.0,0.0,0.0,0.0,0.0,0.0,0.0,0.0,0.0,0.0,0.0,0.0,0.0,0.0,0.0,0.067172,0.0,0.071429,0.0,0.0,0.0,0.0,0.154351,0.0,0.0,0.0,0.039039,0.027778,0.016393,0.0,0.0,0.109827,0.308271,0.149533,0.0,0.0,0.0,0.008696,0.0,0.0,0.0,0.0,0.07619,0.0,0.0,0.473684,0.0,0.0,0.0,0.012739,0.0,0.183074,0.31202,0.077897,0.0
8,0.0116,0,1,3,267,5001,10000,3,,0.0116,0.369898,0.0,0.0,0.0,0.0,0.0,0.306378,0.0,0.301402,0.0,0.0,0.0,0.0,0.061947,0.0,0.045198,0.0,0.0,0.05892,0.046154,0.0,0.0,0.0,0.0,0.0,0.0,0.0,0.0,0.0,0.0,0.487179,0.0,0.0,0.0,0.0,0.0,0.065789,0.0,0.079618,0.0,0.0,0.0,0.0,0.0,0.0,0.443709,0.0,0.0,0.0,0.0,0.121495,0.0,0.513514,0.0,0.428571,0.0,0.022727,0.0,0.0,0.0,0.0,0.0,0.0,0.0,0.0,0.0,0.207317,0.0,0.0,0.0,0.018182,0.0,0.165631,0.0,0.0,0.091954,0.0,0.0,0.0,0.0,0.0,0.016722,0.0,0.114286,0.017857,0.0,0.0,0.0,0.0,0.0,0.0,0.066964,0.0,0.0,0.0,0.356,0.0,0.0,0.0,0.0,0.0,0.12931,0.0,0.0,0.016713,0.0,0.0,0.0,0.0,0.0,0.0,0.0,0.0,0.0,0.0,0.0,0.0,0.0,0.0,0.171429,0.009615,0.0,0.0,0.0,0.125,0.0,0.228571,0.0,0.0,0.0,0.016,0.0,0.0,0.0,0.0,0.0,0.10596,0.0,0.0,0.0,0.014925,0.179487,0.0,0.0,0.621053,0.0,0.058824,0.28,0.0,0.0,0.0,0.0,0.0,0.0,0.0,0.0,0.0,0.0,0.0,0.0,0.0,0.0,0.0,0.0,0.0,0.0,0.0,0.127844,0.0,0.03125,0.0,0.0,0.0,0.0,0.246305,0.0,0.0,0.0,0.192192,0.055556,0.0,0.0,0.0,0.063584,0.443609,0.0,0.0,0.0,0.104895,0.078261,0.0,0.0,0.0,0.090909,0.085714,0.063492,0.416667,0.0,0.0,0.0,0.0,0.012739,0.0,0.134715,0.061381,0.325219,0.0
9,0.015568,0,1,3,267,5001,10000,3,,0.015568,0.301871,0.0,0.0,0.0,0.0,0.109375,0.212984,0.0,0.219626,0.0,0.0,0.0,0.0,0.19469,0.0,0.043315,0.0,0.0,0.05892,0.238462,0.0,0.0,0.0,0.0,0.0,0.0,0.0,0.0,0.0,0.0,0.0,0.0,0.0,0.0,0.0,0.0,0.006579,0.0,0.0,0.0,0.038961,0.0,0.040816,0.160494,0.0,0.033113,0.0,0.003636,0.526316,0.0,0.093458,0.0,0.459459,0.0,0.0,0.0,0.045455,0.0,0.0,0.0,0.0,0.131579,0.0,0.0,0.0,0.0,0.02439,0.0,0.0,0.0,0.0,0.0,0.086957,0.0,0.015625,0.034483,0.0,0.045977,0.0,0.0,0.084746,0.12709,0.0,0.0,0.035714,0.321429,0.0,0.150943,0.0,0.0,0.0,0.0,0.029412,0.0,0.0,0.04,0.0,0.0,0.0,0.0,0.0,0.017241,0.0,0.0,0.0,0.0,0.0,0.0,0.0,0.0,0.0,0.0,0.0,0.0,0.0,0.0,0.0,0.0,0.0,0.062857,0.0,0.0,0.0,0.0,0.008333,0.04,0.085714,0.0,0.0,0.0,0.0,0.0,0.0,0.0,0.0,0.0,0.033113,0.0,0.0,0.0,0.079602,0.0,0.0,0.130435,0.073684,0.0,0.0,0.24,0.0,0.0,0.0,0.089744,0.0,0.0,0.0,0.0,0.272727,0.041667,0.0,0.0,0.0,0.0,0.0,0.0,1.0,0.0,0.0,0.083424,0.0,0.426339,0.0,0.0,0.0,0.0,0.111658,0.0,0.0,0.0,0.135135,0.023148,0.0,0.0,0.0,0.184971,0.015038,0.0,0.0,0.0,0.13986,0.043478,0.0,0.0,0.0,0.0,0.180952,0.0,0.090909,0.0,0.0,0.0,0.0,0.0,0.0,0.16753,0.040921,0.236611,0.0
